batch_number,Average,std
37400,68.35925925925925,19.770028972766976
